credit_card_number,ipv4,Unnamed: 2
4013901026491,172.23.51.228,NULL
345936465222676,192.168.102.7,WA
4829769584081989,192.168.246.102,RI
30340825930914,192.168.222.52,TX
4302964471893676356,10.84.64.210,KS
4897487775841494,192.168.188.11,IA
3504134000927360,172.17.225.208,ME
343568314271448,10.159.127.41,OK
36795457706136,192.168.85.173,FL
213105387849185,192.168.249.162,IA
4158823194013915,192.168.19.169,ND
3557121809488039,192.168.99.101,OK
4411710233936193,192.168.248.223,PA
3593952520772269,192.168.189.168,OK
562632689286,10.198.220.41,CT
675979363636,172.21.115.184,MT
3506507615619043,10.172.55.81,DE
3560888773289883,10.186.58.92,UT
5128258542512744,10.65.191.187,NULL
4673436419900968,10.68.149.54,NULL
6011531195808785,192.168.216.58,NULL
3518829214836604,10.55.8.196,NULL
676342610232,10.102.242.118,NULL
503886101024,192.168.202.55,NULL
346979098869785,10.42.44.16,NULL
213175362057328,10.15.184.118,NULL
36828949701611,10.100.190.63,NULL
6011712584028793,192.168.6.95,NULL
4408482692580798,172.18.121.149,NULL
4716466790794127,172.28.210.180,NULL
4581622575175591,192.168.161.187,NULL
4534971465733250,10.30.201.50,NULL
348623602717035,10.171.147.35,NULL
3562843917409457,10.55.9.217,NULL
3503861795779124,192.168.103.31,NULL
3548979454205467,10.70.135.161,NULL
4562223449118630453,10.27.205.211,NULL
5160813237111985,172.30.103.243,NULL
3500558499395149,192.168.6.241,NULL
4130253854633,10.166.74.223,NULL
3560320084927241,192.168.123.214,NULL
213172153235353,10.120.230.87,NULL
343924572576715,10.122.183.142,NULL
4183170112593,172.27.128.176,NULL
213151645209580,172.28.151.1,NULL
5579434556811330,10.242.223.198,NULL
4912298956727635308,192.168.189.188,NULL
5178628606737917,10.249.6.119,NULL
4614910245590,172.26.62.50,NULL
3567595471763241,172.21.146.161,NULL
581434804307,192.168.113.78,NULL
676278783995,172.23.185.18,NULL
6011308941262553,10.205.154.207,NULL
4803111518869,10.126.192.133,NULL
4056785570190661,10.8.151.102,NULL
4719240023513984818,10.15.9.233,NULL
3546938096541350,10.138.60.237,NULL
374842621893083,10.121.244.238,NULL
4116594392698,172.28.241.153,NULL
4038573268080805,192.168.227.185,NULL
6580006132616584,10.208.91.69,NULL
371634650288795,172.20.251.39,NULL
2227817049707458,192.168.133.73,NULL
3520138914497238,10.99.179.188,NULL
3518444962093224,192.168.48.9,NULL
3598557921742186,172.27.36.61,NULL
4421146829225,10.234.163.65,NULL
4208554991109644,172.16.122.248,NULL
4799625704557595,172.18.165.144,NULL
6011160352284232,192.168.231.13,NULL
4700156414836374,10.230.19.12,NULL
4459810579615774,10.60.51.93,NULL
4044113076213421,192.168.216.133,NULL
6596410482388111,192.168.95.195,NULL
4362638777107138,192.168.212.145,NULL
373556013088190,172.27.20.14,NULL
3511998550032230,192.168.146.31,NULL
4742096781457295841,192.168.88.100,NULL
345000637514732,172.20.15.41,NULL
6011489083585199,192.168.204.208,NULL
30244127721882,172.22.88.142,NULL
30114145301019,172.26.179.18,NULL
4570377468093400,192.168.81.125,NULL
372703573776886,10.251.234.81,NULL
3516032131723490,192.168.63.175,NULL
3526603637514712,172.18.253.192,NULL
3565781843147246,172.16.186.61,NULL
30500949722063,192.168.115.42,NULL
501800338383,192.168.141.61,NULL
180030992825157,172.30.211.234,NULL
4529665921321971712,172.26.81.219,NULL
639050730022,192.168.211.233,NULL
4010008657087,172.31.236.242,NULL
4293333553305965,172.17.80.217,NULL
3576590732570849,172.19.109.24,NULL
578973727782,10.20.78.234,NULL
4868065204659,192.168.62.237,NULL
180054253203664,10.63.198.212,NULL
4126625571214142,10.16.34.95,NULL
3546878557954074,192.168.145.211,NULL
3538923402139800,172.25.233.204,NULL
30280543327342,192.168.128.206,NULL
3541975052577163,10.19.116.18,NULL
4144399193545363164,10.41.87.107,NULL
2226084142064532,172.16.254.92,NULL
213193287574905,172.25.104.132,NULL
180088230926336,192.168.146.225,NULL
345199805774514,172.30.244.121,NULL
6570567145598285,10.189.115.53,NULL
349632356729673,192.168.203.210,NULL
4381627452188,192.168.42.95,NULL
4151518408578810761,10.95.239.243,NULL
6011426741771902,10.106.130.249,NULL
213147677484802,10.56.255.232,NULL
371632748979250,192.168.158.25,NULL
5210375281832551,172.28.28.232,NULL
4910573354669647772,172.17.154.132,NULL
4139513994385696,10.195.82.230,NULL
30584416701537,10.175.202.12,NULL
4539809483205874,10.8.202.24,NULL
3596597574425558,192.168.85.99,NULL
4408213877020270,172.28.64.222,NULL
6011058110540533,192.168.96.71,NULL
4115655462383071,172.20.58.218,NULL
6011386398545399,172.19.83.232,NULL
213166107464259,10.30.149.228,NULL
4937308091940,192.168.232.149,NULL
3513533468094739,172.16.197.60,NULL
30489886565083,172.31.84.224,NULL
3521034668612842,192.168.53.239,NULL
5539245187631866,172.16.6.50,NULL
4944522079263,192.168.64.36,NULL
3538190518157825,192.168.209.255,NULL
4656188411555362,172.22.16.46,NULL
180035573664370,10.153.103.136,NULL
4665073657476771,172.27.0.9,NULL
30116013715808,172.25.88.37,NULL
3502926394149432,172.22.239.196,NULL
6011350750616016,172.20.104.59,NULL
4850215035047585,192.168.105.103,NULL
4232484324939,172.20.116.8,NULL
30435713009027,172.20.154.36,NULL
213181946502136,10.53.241.239,NULL
4413208763699,192.168.235.150,NULL
4186212661717,172.21.72.111,NULL
3531496905139582,10.13.191.173,NULL
4427343872678488,10.250.56.148,NULL
4389674988690504,172.17.248.80,NULL
3532317145326947,10.172.200.94,NULL
3532962355085947,10.39.178.121,NULL
180021148313529,192.168.206.22,NULL
377129347162341,10.194.149.211,NULL
502023188134,10.180.48.37,NULL
4596693535430,172.18.86.196,NULL
6538776060891481,172.17.83.152,NULL
4541608622723391,172.28.160.24,NULL
343176437548351,172.22.178.101,NULL
377156774483908,192.168.226.157,NULL
4925168909273897,172.25.172.63,NULL
3585503251291258,10.133.243.239,NULL
3522127061966226,172.17.167.100,NULL
4769801618517100,192.168.7.135,NULL
3531414444097393,172.22.131.54,NULL
4284239545300835207,192.168.150.228,NULL
4094061653035619,192.168.63.75,NULL
4630831845094,192.168.42.129,NULL
3505613450007434,10.44.158.58,NULL
3516912180608090,10.149.219.232,NULL
4178389948617571147,10.119.136.7,NULL
5396602059989842,10.85.105.150,NULL
180028673107838,192.168.183.192,NULL
30120255561581,192.168.30.74,NULL
4058408441354,172.22.35.63,NULL
3511786836038448,10.140.188.182,NULL
4930959472413008,10.194.176.106,NULL
374861476715456,192.168.113.82,NULL
36009506735249,192.168.36.233,NULL
562967013540,10.74.9.57,NULL
4163130882045479,10.202.158.19,NULL
4076268793196456,172.24.114.150,NULL
4588760708939009278,192.168.79.224,NULL
3534727959568632,172.20.254.222,NULL
3549783489788490,172.23.182.19,NULL
4966518200293871,172.21.98.125,NULL
180020335013595,172.16.121.89,NULL
3530954474514065,192.168.123.83,NULL
30160248855989,172.28.135.210,NULL
30562535223120,10.235.193.116,NULL
4823745482997019,172.29.147.181,NULL
213193151915994,10.254.50.109,NULL
4928056711159650,192.168.73.189,NULL
4821422395234574159,172.29.209.88,NULL
6011689656971755,192.168.180.208,NULL
3539406491871862,10.78.5.46,NULL
4844694166910069,10.61.73.178,NULL
6591992992824599,192.168.155.222,NULL
4978758255653736352,192.168.49.182,NULL
6572813114122758,172.28.118.235,NULL
4006394569480265,10.52.229.252,NULL
3579151393150764,192.168.238.10,NULL
4571959256955,192.168.42.121,NULL
3597720826189819,192.168.216.38,NULL
4819138948402109171,172.18.18.215,NULL
6011899452855058,172.25.197.117,NULL
342133435932914,10.50.139.116,NULL
342805462817130,172.17.198.25,NULL
4699073696218,10.100.11.54,NULL
30367284178057,10.29.54.35,NULL
4869412586662473648,10.145.161.201,NULL
180005294030110,192.168.150.64,NULL
4403195871837,172.30.148.76,NULL
3537099877678837,10.183.246.82,NULL
3587865768931827,172.20.15.246,NULL
4527263830778585,192.168.128.220,NULL
6011023122313485,192.168.95.196,NULL
4776107663295872350,172.16.163.102,NULL
4765021432418385,172.28.177.89,NULL
4217285126575,10.28.117.109,NULL
213178281129947,172.25.228.28,NULL
3590261425749577,192.168.170.252,NULL
6529396506195404,172.17.153.46,NULL
6011526894758075,172.30.232.122,NULL
3579796199331289,10.162.163.212,NULL
6011572685189153,10.15.46.186,NULL
4555470026417473,172.31.134.16,NULL
4177037530484,10.148.236.59,NULL
6595456156817175,192.168.117.188,NULL
501874943712,192.168.227.103,NULL
6554790511449921,192.168.202.16,NULL
4590191305527397,10.32.175.229,NULL
344889303653746,10.66.245.211,NULL
6510362258157670,10.89.91.112,NULL
3544494559253473,192.168.193.62,NULL
6522747284841063,192.168.190.81,NULL
6547154157863723,192.168.171.199,NULL
4329956759724742,192.168.143.122,NULL
374694251631923,192.168.234.166,NULL
4478118901095758308,10.211.33.224,NULL
4095450706509373075,10.212.155.172,NULL
4448028536515318,192.168.195.152,NULL
6549066483187759,192.168.129.124,NULL
341636881479330,192.168.162.64,NULL
4375686928948,192.168.29.149,NULL
4398301266721343,192.168.101.42,NULL
4655894952634657074,10.174.232.133,NULL
3561022030202005,192.168.176.215,NULL
6011500703917768,192.168.19.3,NULL
4041993886662,172.31.46.211,NULL
4250298406037888754,192.168.169.224,NULL
377281132991721,172.20.27.54,NULL
5389316115400087,172.18.120.108,NULL
2225188472081924,192.168.216.16,NULL
503890837829,10.180.23.213,NULL
6011157156719025,172.31.131.246,NULL
4563992783910762628,172.23.123.58,NULL
4906178520656886,192.168.119.167,NULL
180082128790029,10.73.165.172,NULL
3580912246333890,192.168.0.102,NULL
3582560476376234,192.168.47.119,NULL
3527139580875262,10.65.217.13,NULL
4293321666098,172.27.109.201,NULL
3559805545246747,192.168.28.189,NULL
3552791449440213,172.16.200.134,NULL
4507411364599,192.168.137.66,NULL
6576717777676974,192.168.77.240,NULL
4092205810127939781,192.168.66.127,NULL
38166629293452,192.168.218.239,NULL
4384786301393775,172.25.142.15,NULL
4088318770258955,10.254.142.171,NULL
4616331192708920,192.168.58.55,NULL
4016594753882436,10.124.112.96,NULL
4380261684966047,10.178.173.54,NULL
3507284819440399,10.166.60.120,NULL
3547732529790497,172.23.138.158,NULL
2223774872346686,172.16.48.224,NULL
3527365213212553,172.31.24.161,NULL
3503533586635050,10.85.152.152,NULL
4332300430806666,10.52.148.106,NULL
580195485108,192.168.101.157,NULL
3507648457495529,10.38.98.202,NULL
180023157201157,192.168.29.149,NULL
60453469953,172.31.49.181,NULL
378108055114255,192.168.2.235,NULL
30063217923988,10.193.86.145,NULL
4348484542882659233,172.17.12.73,NULL
676360372368,192.168.244.201,NULL
4274748851380,172.31.31.113,NULL
342651154030263,192.168.230.101,NULL
3533480076994874,10.125.219.148,NULL
3576175579463157,10.38.225.77,NULL
344058649441394,10.86.221.143,NULL
4098210675480008,172.30.102.120,NULL
4809499651131,10.5.212.59,NULL
213136947204884,192.168.119.9,NULL
213132091954788,172.27.248.144,NULL
4489918995252066,192.168.95.155,NULL
4343230815904,192.168.196.131,NULL
4285442515096462706,10.216.179.152,NULL
36259643900467,10.217.154.169,NULL
213119287388269,10.209.248.5,NULL
4178342142138526576,172.19.46.101,NULL
5387055300668130,172.25.60.21,NULL
6559061548512999,192.168.225.38,NULL
4429352264433,192.168.132.30,NULL
3526828789230763,172.18.202.53,NULL
5550780532832029,172.31.28.61,NULL
5258411507616099,172.25.18.20,NULL
213158808344286,10.104.30.189,NULL
675973479479,172.26.228.151,NULL
4653054095764659,192.168.16.189,NULL
4859941390051,192.168.44.156,NULL
2222085849303135,192.168.212.204,NULL
30457415048277,192.168.235.28,NULL
4141193211204874273,10.86.29.98,NULL
4953438747155687001,192.168.80.191,NULL
6589202299335966,192.168.183.66,NULL
6582792461927175,192.168.64.231,NULL
4846803511972561,10.222.186.126,NULL
3515589719687885,172.25.39.229,NULL
3577981417939046,172.22.51.116,NULL
30134728978546,172.22.60.119,NULL
4205389655576157,10.191.163.230,NULL
3506109871750099,172.25.249.114,NULL
4534405658465339,192.168.252.169,NULL
4192251355347740,10.211.81.174,NULL
213122632349127,192.168.147.21,NULL
4322027925753,10.102.228.32,NULL
213179649195117,192.168.127.228,NULL
5303739541595340,10.163.125.248,NULL
6011736010981903,192.168.124.105,NULL
3590057651070419,172.23.79.90,NULL
4555296834543261,172.29.202.164,NULL
4395196300255,10.53.251.76,NULL
4852306383341007756,10.5.225.225,NULL
371239406239892,192.168.178.9,NULL
6011504772738501,10.244.158.58,NULL
213169186937807,10.110.22.15,NULL
6567720110872087,172.24.195.116,NULL
4046989439464628951,192.168.158.79,NULL
4867540427726328958,192.168.144.217,NULL
6520032744110496,172.23.181.205,NULL
6580986100460935,192.168.209.48,NULL
3556619377595474,10.34.105.91,NULL
5248021077975651,192.168.114.237,NULL
3568956659321526,10.176.221.243,NULL
5208509534464069,192.168.174.99,NULL
6011767998834863,192.168.201.117,NULL
4108688428728,192.168.146.203,NULL
3546214312608344,192.168.134.30,NULL
3592343706787969,10.159.173.83,NULL
4825014995075815,172.22.76.149,NULL
375679982482034,172.31.95.68,NULL
4241601990732133815,172.27.17.99,NULL
4531862929698747,192.168.145.165,NULL
36262017245030,192.168.154.94,NULL
6011458084892292,10.64.55.185,NULL
3548306258964448,192.168.122.177,NULL
4730161853526,10.244.123.196,NULL
180033410570660,10.186.69.137,NULL
4647705899012889,10.86.143.213,NULL
4399377371224190,192.168.36.174,NULL
5132601426981226,172.29.207.220,NULL
30307635677753,192.168.136.238,NULL
4335818074220776,192.168.59.231,NULL
4837910899531306,192.168.237.190,NULL
180071561051163,10.180.182.160,NULL
4579265808358396,10.185.138.121,NULL
4931358891881938,10.236.113.179,NULL
180096639591254,192.168.154.86,NULL
586786748697,192.168.151.88,NULL
4568388312657401,10.59.253.64,NULL
377315657666522,192.168.202.49,NULL
4527904095569587483,192.168.216.163,NULL
30290528073522,172.22.147.135,NULL
6522816129056045,172.21.197.117,NULL
6514463592184333,192.168.85.140,NULL
6551750528321565,192.168.130.65,NULL
583147621614,10.22.241.58,NULL
4532037215660,192.168.228.91,NULL
503839415448,172.21.156.91,NULL
3504736821597915,172.20.231.129,NULL
5270664907842277,192.168.242.229,NULL
30552390110785,172.30.133.89,NULL
577781453896,10.57.234.204,NULL
4360411414923784409,192.168.119.112,NULL
30205325591443,192.168.127.0,NULL
60482674565,172.30.54.82,NULL
6550659024138715,10.148.181.164,NULL
3559338850903017,10.232.187.246,NULL
6578696123556775,192.168.50.20,NULL
3546603170040857,192.168.233.160,NULL
4969844100936279,192.168.239.210,NULL
3552303953711714,172.19.42.247,NULL
3512924673363400,10.92.233.15,NULL
4124594653879,10.221.102.109,NULL
4594001732946852,10.147.247.129,NULL
213192187232036,10.113.181.221,NULL
4650007378182216,172.29.171.34,NULL
4987422516785181594,192.168.9.38,NULL
5286863612571914,172.21.126.116,NULL
3525790474865868,172.31.49.0,NULL
3534704418651671,192.168.62.23,NULL
4037144996293,172.29.20.233,NULL
3529420987680234,192.168.119.82,NULL
4671907431696968,10.114.108.8,NULL
3571558980787212,192.168.245.137,NULL
3581622374599860,10.21.35.230,NULL
4680641015479782938,192.168.200.14,NULL
4551573524105666,10.171.201.116,NULL
6575301562406292,172.17.29.75,NULL
30515461596323,10.254.102.4,NULL
675963218283,10.75.218.47,NULL
501850561371,10.157.213.221,NULL
3551103943547983,10.157.21.69,NULL
30150493013467,172.16.226.34,NULL
60489991095,192.168.213.239,NULL
676139121237,192.168.227.197,NULL
3541695145894801,10.188.160.173,NULL
345547388845178,172.23.80.94,NULL
3568876691070065,172.30.133.88,NULL
3564154872129652,192.168.196.153,NULL
501828270980,10.141.44.243,NULL
4248599841868628,192.168.215.38,NULL
3543930630274963,10.170.227.11,NULL
345585903149296,192.168.94.184,NULL
4203309225999685586,10.58.234.151,NULL
6540125428016439,172.27.137.30,NULL
36017999198163,192.168.125.138,NULL
3520645256522068,172.18.241.81,NULL
3529905138112244,172.24.178.228,NULL
4588014314991,10.60.219.215,NULL
630437818994,192.168.148.83,NULL
501861632104,172.20.228.186,NULL
3571422908574444,172.25.55.149,NULL
3567142533491030,192.168.171.149,NULL
345091382622861,192.168.89.23,NULL
3549871732958893,10.88.176.47,NULL
30161339487997,192.168.96.244,NULL
5124250441577245,192.168.22.48,NULL
30156365252901,192.168.29.3,NULL
3514625942616514,172.17.34.109,NULL
6570699003024482,172.25.138.26,NULL
4476773503175217,192.168.84.119,NULL
4405738548659190,172.27.213.148,NULL
630406261762,172.28.130.174,NULL
30242841896410,172.28.37.235,NULL
4668721734366,10.247.102.188,NULL
4097798851262357191,172.21.134.65,NULL
3518735270530090,192.168.20.252,NULL
4190232768274475059,172.27.72.97,NULL
571333000164,172.16.179.0,NULL
4820124269414551,192.168.199.217,NULL
4956334792826,192.168.78.68,NULL
3564089644940962,192.168.52.158,NULL
6011790903600195,10.196.0.45,NULL
4672472795822147,192.168.142.123,NULL
4563306846557488,192.168.70.141,NULL
4203314820198,172.19.175.246,NULL
4629672634831,172.28.66.224,NULL
372228188856428,192.168.109.164,NULL
4807268160223452346,10.49.211.25,NULL
371193361812351,192.168.127.40,NULL
4614458261813315,192.168.223.166,NULL
30256657638583,192.168.196.84,NULL
4809131239279,192.168.157.214,NULL
3516724626999961,192.168.147.93,NULL
3551201279158431,172.26.240.166,NULL
3569121230395015,172.27.129.68,NULL
3585094464142140,172.17.51.251,NULL
4323193340267017423,192.168.18.86,NULL
5373888900797958,172.30.212.114,NULL
3556661183764456,172.20.235.117,NULL
630495494837,192.168.200.88,NULL
4520880887148482,192.168.106.25,NULL
38746445811882,192.168.17.188,NULL
345413759941296,192.168.52.20,NULL
3570929358578346,10.251.156.106,NULL
6011264377358219,192.168.201.152,NULL
213189380304026,172.27.9.228,NULL
3588056240973285,172.20.72.189,NULL
4500516722601236,10.193.94.142,NULL
3578635190536598,192.168.156.73,NULL
180098561722006,10.232.4.2,NULL
213162618683750,192.168.129.81,NULL
3547041378172058,192.168.18.13,NULL
38409244675269,172.30.65.29,NULL
4940901582909762,172.31.44.170,NULL
4802323868520141735,10.45.135.141,NULL
340917327719260,10.241.117.128,NULL
501816487422,10.150.38.12,NULL
341607965216070,10.11.103.119,NULL
180074577268300,192.168.73.19,NULL
4497700806870761654,10.177.84.172,NULL
5409418981314784,172.18.24.7,NULL
4905559176835,172.31.205.86,NULL
676398658226,10.103.244.108,NULL
3562344159303946,10.98.227.3,NULL
180040366778320,10.114.57.30,NULL
5478679271353875,192.168.84.120,NULL
30384220426201,10.9.244.68,NULL
375628978086960,172.20.139.37,NULL
6011875969654234,172.24.248.251,NULL
5427115866775737,10.5.255.20,NULL
4362913667262958,172.31.234.79,NULL
4551492196382484870,192.168.110.46,NULL
4434254291398106,10.71.139.68,NULL
5139379755457059,172.31.18.115,NULL
180021266317211,10.46.80.147,NULL
4322987592383589592,172.29.152.58,NULL
502085467806,10.190.115.202,NULL
4469079495291999,10.182.232.199,NULL
4863786114925406064,192.168.243.137,NULL
3548655455643183,172.27.140.228,NULL
3524172413498666,192.168.248.126,NULL
5153852063056889,192.168.48.112,NULL
676200279021,172.25.19.154,NULL
4600449979342473995,10.208.216.34,NULL
3504202460863902,10.168.77.85,NULL
30438422309886,172.25.34.234,NULL
503878955478,172.30.204.182,NULL
4685804482446616718,10.200.225.115,NULL
3500839564727154,192.168.103.86,NULL
30527459441735,192.168.47.210,NULL
5279301941470630,10.248.183.114,NULL
213193317926935,10.197.69.244,NULL
5452398729026518,172.19.249.103,NULL
4060101563732,10.19.215.26,NULL
213194440516106,172.20.243.70,NULL
4065179426318123,192.168.59.172,NULL
180082523290179,172.18.203.75,NULL
341651478911421,10.54.63.13,NULL
6011572753273988,10.241.180.166,NULL
4429668463076942,192.168.57.190,NULL
588953437146,10.82.106.18,NULL
3538134747809897,172.19.249.88,NULL
4378225690618581,10.158.109.155,NULL
4284109662377892,172.22.31.237,NULL
38299115616827,10.58.78.61,NULL
30578938488847,172.16.38.126,NULL
4292092544570997408,172.25.35.184,NULL
3509806331398834,172.27.190.177,NULL
3519406527529819,10.0.196.101,NULL
344701026781151,192.168.17.115,NULL
30180650040581,10.116.19.179,NULL
6011920112656122,192.168.231.230,NULL
36948273077758,192.168.156.232,NULL
30350326084939,172.20.199.104,NULL
5429327429711715,192.168.149.4,NULL
38071534783227,192.168.64.61,NULL
6519101893636933,192.168.232.253,NULL
213148342578119,192.168.9.162,NULL
4043415227918977,172.24.99.204,NULL
4448669338557,192.168.72.43,NULL
30336135517961,10.194.162.252,NULL
5236360931015823,10.95.163.150,NULL
30524328946739,192.168.201.108,NULL
213169641305244,192.168.13.220,NULL
4883884529525991539,192.168.33.46,NULL
371986426613643,172.24.214.161,NULL
502016116621,10.119.71.14,NULL
3538390286519202,192.168.193.50,NULL
38156810166948,10.32.220.120,NULL
6011375004263612,10.9.2.51,NULL
4756154177797,192.168.165.104,NULL
4317953360035935,10.39.195.199,NULL
4460533466039299,10.228.58.176,NULL
4285687183905852,10.55.246.184,NULL
4522461943423199,172.28.246.44,NULL
30038784379772,10.150.31.162,NULL
6011561090393682,192.168.205.200,NULL
4647652771084,10.104.188.127,NULL
4856744926891,172.30.98.161,NULL
2225333377057377,172.18.126.140,NULL
3545083607269570,10.62.7.185,NULL
3502991789849640,10.215.76.51,NULL
676232949203,192.168.80.119,NULL
3572464087899456,192.168.59.146,NULL
4861802498079572,192.168.32.178,NULL
3567629111825688,172.23.40.55,NULL
3502739308956184,192.168.145.36,NULL
4022748728994534,192.168.145.61,NULL
6011307561444269,10.6.216.152,NULL
346781454558873,172.20.163.60,NULL
3584191786301593,10.212.7.149,NULL
4582435506970,10.5.91.226,NULL
372716808732698,192.168.217.208,NULL
349703788753738,172.21.64.92,NULL
370194187169142,172.19.74.132,NULL
5267458566543994,172.16.146.42,NULL
4983662774732036,172.17.241.15,NULL
3575558114859834,192.168.21.232,NULL
340947870219962,192.168.199.124,NULL
579841271433,172.27.9.66,NULL
5216478796251855,10.124.169.195,NULL
342856864622800,192.168.160.150,NULL
4555047489377798,172.26.235.233,NULL
4349843947240698,172.27.50.41,NULL
676285311855,192.168.143.51,NULL
5497677376437046,10.145.11.79,NULL
4771119080891978,172.22.192.154,NULL
3579629603254518,10.98.244.33,NULL
675959604439,192.168.60.243,NULL
213149472269610,192.168.76.204,NULL
4746609301774542,172.24.230.99,NULL
30249038257975,10.71.112.116,NULL
3563933800432333,10.107.94.167,NULL
376637232357462,192.168.182.151,NULL
4217856109845699503,192.168.245.87,NULL
342593084199893,172.20.103.206,NULL
3525172816856600,172.29.159.31,NULL
4445341964269776,172.31.1.91,NULL
4053438941465,192.168.60.72,NULL
675969707149,172.25.194.90,NULL
30498794961524,192.168.163.146,NULL
4073316810061,192.168.146.207,NULL
4992642166403,192.168.97.16,NULL
4835720774087,172.20.8.218,NULL
676239556290,172.19.254.180,NULL
4067976934864,172.23.118.133,NULL
3517447863612605,192.168.100.104,NULL
3574330835574832,192.168.102.46,NULL
5261430508741057,192.168.20.186,NULL
3520009484491556,192.168.24.10,NULL
6535793722667194,192.168.237.64,NULL
4811704878749,10.130.237.12,NULL
30563169845667,10.105.80.191,NULL
4318702866718,10.207.113.20,NULL
4700906346979192351,10.2.46.18,NULL
4017178612545795344,10.218.155.205,NULL
4721579708253,10.38.249.145,NULL
561086902542,172.23.205.21,NULL
4617691490114803897,10.233.1.233,NULL
6011667615551181,192.168.38.140,NULL
586486879222,192.168.81.197,NULL
588086417890,192.168.188.157,NULL
4662536721189,192.168.147.102,NULL
36148919719935,172.17.194.236,NULL
379171827964596,192.168.235.228,NULL
3597676990875866,172.23.45.47,NULL
2225316038319138,192.168.132.187,NULL
5180318608888480,172.30.219.68,NULL
676250690101,10.41.36.100,NULL
3502465460874243,10.126.159.72,NULL
4326373214480295,172.28.86.198,NULL
4750782215418,172.23.212.129,NULL
3548421003003960,172.25.117.142,NULL
6543947896668657,172.26.180.22,NULL
30294422416399,172.20.192.161,NULL
5442171391165754,10.67.30.219,NULL
3500716118331537,10.169.70.234,NULL
639078509523,10.229.115.107,NULL
2226922747975703,192.168.132.213,NULL
180065834621877,10.60.152.248,NULL
180047695307200,10.28.220.184,NULL
4199146745143507,192.168.204.68,NULL
6566559038150973,192.168.66.4,NULL
213165321319083,10.131.6.192,NULL
6011502819810549,172.23.61.15,NULL
4644849549273519720,10.41.109.80,NULL
3545465838559152,172.16.181.111,NULL
4222194027186951,192.168.81.218,NULL
30087131625320,192.168.61.202,NULL
4620886536422293137,10.122.152.219,NULL
4877706632637231,10.191.238.61,NULL
4454425521189,192.168.115.184,NULL
4844289639628818,192.168.181.208,NULL
5317732628087194,192.168.16.173,NULL
5396983184115481,192.168.9.175,NULL
4074129398175471,172.27.131.220,NULL
4236962153640882,192.168.68.11,NULL
4727908339234658,192.168.0.241,NULL
6568979067626016,10.10.234.95,NULL
630407606429,192.168.73.233,NULL
4018522057074499,192.168.192.212,NULL
30155919162863,10.81.13.170,NULL
503814279322,10.149.146.114,NULL
4365582999510967,192.168.225.230,NULL
6589990007743980,10.39.80.79,NULL
3595234263432551,192.168.60.223,NULL
5200510219704967,172.22.193.169,NULL
30304014225700,172.20.108.69,NULL
4535758702421206,172.27.200.201,NULL
4212644377233,10.84.193.175,NULL
566106894223,192.168.137.124,NULL
586392081343,192.168.49.61,NULL
581866093148,172.17.219.227,NULL
349083128675275,10.60.72.8,NULL
3547290300268506,192.168.8.22,NULL
3539909253941476,192.168.4.250,NULL
6011515416148089,172.27.33.227,NULL
3541413212050343,192.168.222.51,NULL
180068899258965,10.253.48.86,NULL
4018404701973980,10.37.3.186,NULL
3528882787508603,192.168.246.250,NULL
6521501483721670,172.25.147.217,NULL
501885879079,192.168.214.52,NULL
587691469569,192.168.243.91,NULL
30321068407968,172.25.241.123,NULL
6011581128634121,192.168.239.102,NULL
30096301269561,172.27.91.174,NULL
4404886076381413,10.27.152.109,NULL
213137872693018,10.4.75.180,NULL
345511573344488,172.18.252.239,NULL
6011935018895830,172.26.95.59,NULL
4719231387516138594,172.19.71.117,NULL
3539442623894407,10.78.158.29,NULL
180095831311628,10.95.42.192,NULL
3541220069478372,172.20.169.46,NULL
3566914731855310,10.186.120.115,NULL
4425968512611695536,172.22.51.251,NULL
3506207194366385,10.27.28.224,NULL
213185725040069,10.152.31.81,NULL
4757254132875089,172.24.202.201,NULL
4599479021848705,192.168.251.120,NULL
4704210395854939405,172.22.121.163,NULL
180072248473374,10.178.198.131,NULL
4523805393565,10.102.117.126,NULL
4221863321175385529,10.249.63.139,NULL
5298458126478940,10.100.93.45,NULL
4858992522645111,10.95.254.184,NULL
4672629679451608388,172.24.230.255,NULL
3525919072529234,10.99.111.247,NULL
343746424559866,192.168.234.186,NULL
4144680005362,172.22.130.190,NULL
4562080973498409,172.29.129.97,NULL
5288021300023643,172.28.167.201,NULL
6011193961708440,10.8.91.116,NULL
4339409134763795806,10.109.236.5,NULL
3531200281054575,192.168.174.185,NULL
4578767598017612,10.81.11.223,NULL
4537229096691414,172.18.56.174,NULL
4162537250236441744,10.247.26.190,NULL
4696982202495423126,192.168.217.187,NULL
5494738054931271,10.64.223.172,NULL
4216954702870734,172.20.217.87,NULL
501839380166,192.168.68.176,NULL
6501197043821151,10.239.138.11,NULL
30398380725293,10.146.151.2,NULL
4515170574494865182,10.174.38.33,NULL
3506979434790521,172.17.189.128,NULL
4892827448198,172.31.234.43,NULL
4056532406910411,10.4.112.101,NULL
6501970286233957,172.23.231.132,NULL
3561188771187075,172.31.197.230,NULL
4080776002485,172.23.105.47,NULL
3554556369113878,172.30.58.113,NULL
180014378256518,192.168.248.216,NULL
3506361510461063,172.21.241.178,NULL
3501065720408930,172.19.61.217,NULL
372713994603965,172.24.3.198,NULL
4040591901779530,172.24.240.20,NULL
4052038825455270564,192.168.99.81,NULL
6508226835147377,192.168.15.133,NULL
5289620621301379,10.113.137.243,NULL
4978709350688558,172.28.143.12,NULL
343828458579794,192.168.191.205,NULL
4585593353522724,10.130.162.176,NULL
4252612540950499,10.235.180.164,NULL
4656861373932684,172.24.116.214,NULL
4965140888868,172.25.141.54,NULL
340445909356434,192.168.143.252,NULL
4220757903136514,10.5.198.225,NULL
180018413280052,192.168.221.21,NULL
4055875204455,192.168.58.190,NULL
6011135693741041,192.168.178.223,NULL
3536105697055360,10.235.67.77,NULL
348995365802661,10.239.78.228,NULL
4088116450471022946,10.176.166.217,NULL
4192864972477,192.168.177.217,NULL
3563372558080277,10.0.171.209,NULL
5511948860931469,172.16.80.97,NULL
340561706115037,10.126.100.174,NULL
5170022442641715,192.168.9.151,NULL
6572539585004031,192.168.42.214,NULL
30592302749247,172.22.194.209,NULL
379752898478820,10.244.71.26,NULL
5159891892008483,10.13.137.69,NULL
5438885772990755,172.24.224.128,NULL
676320024133,10.137.200.252,NULL
349452095625565,172.25.204.237,NULL
676358146493,172.17.149.132,NULL
30332589966812,172.25.58.130,NULL
5539099824203567,172.31.249.212,NULL
180085468897148,172.19.3.107,NULL
3593720746435932,172.20.3.57,NULL
6011461042902971,172.16.198.228,NULL
639093583842,10.0.243.245,NULL
348411372309039,172.21.198.200,NULL
3557831970566500,192.168.135.206,NULL
343395845493717,172.29.220.55,NULL
4240768706936725,10.47.138.249,NULL
4180460853197943864,192.168.169.224,NULL
3500758339144919,10.45.238.181,NULL
6585436935789996,172.16.199.167,NULL
373072197453671,10.52.165.117,NULL
4700953964527076,10.124.13.82,NULL
4981262851071,172.26.89.232,NULL
6539849201479554,192.168.236.14,NULL
4540242707668551,172.25.155.4,NULL
379662798373627,192.168.10.226,NULL
4262202262817038395,172.31.131.196,NULL
4230927296860511,192.168.119.201,NULL
347146061179845,192.168.191.143,NULL
4376888961852494,10.21.230.171,NULL
3529249367239778,10.220.11.135,NULL
213177141061662,10.53.151.122,NULL
4738635052070,10.14.232.47,NULL
4226496600568895804,172.17.96.14,NULL
30138866176383,10.53.224.127,NULL
2228971662130784,192.168.42.172,NULL
4373288813848217,192.168.206.154,NULL
30236735376836,172.31.240.112,NULL
4426148713293,10.28.205.193,NULL
3583210051337149,10.110.52.184,NULL
376082844237556,10.170.39.122,NULL
180028030960614,172.28.209.207,NULL
4974161674579,10.80.37.196,NULL
6519869142686715,192.168.254.227,NULL
3581822946805072,192.168.150.99,NULL
3501488345906494,192.168.51.226,NULL
4651152926604060,172.22.169.65,NULL
4850051179897,192.168.252.75,NULL
4671555398663032,172.27.87.236,NULL
213174744193232,172.21.229.72,NULL
3561203292056772,10.78.133.37,NULL
4221132609522856381,10.11.2.248,NULL
567918822295,10.211.10.90,NULL
30254614291133,10.144.33.2,NULL
30081511376802,172.24.113.150,NULL
4501829685978957,192.168.69.167,NULL
4756162265840690,10.129.182.182,NULL
345671644006597,192.168.49.141,NULL
4574250997288496007,172.28.49.181,NULL
4108113038622951128,172.23.76.10,NULL
30349149221595,192.168.5.186,NULL
4054839288877069,192.168.253.76,NULL
570901798647,172.19.215.229,NULL
30018781317090,172.19.28.72,NULL
5299906187815466,10.9.3.198,NULL
6011296002697520,192.168.235.114,NULL
4597181321573791,10.92.220.242,NULL
3506064034975671,10.44.117.65,NULL
180000610330286,10.226.81.209,NULL
3582958397652628,192.168.235.34,NULL
30119365363524,172.19.181.31,NULL
342013438973158,192.168.126.121,NULL
180058972903231,192.168.98.250,NULL
6528847584841294,10.115.43.61,NULL
30133791021143,172.26.98.38,NULL
341908332107731,192.168.252.13,NULL
4115108648172596,10.214.195.141,NULL
340313382105993,192.168.26.155,NULL
4674762905129740,192.168.141.243,NULL
3535168828139157,192.168.114.77,NULL
639020533381,192.168.41.4,NULL
6011138230911580,10.173.210.89,NULL
379403203997589,172.29.60.223,NULL
4140324596504329042,172.27.172.52,NULL
30263494791989,172.19.48.92,NULL
30405225221733,172.21.94.204,NULL
6584056083895097,10.8.4.81,NULL
4243874036258090,10.117.98.55,NULL
213185124264021,172.19.251.39,NULL
4251235670850414147,10.24.42.52,NULL
3531844529452453,10.111.27.55,NULL
180082000697532,172.28.45.163,NULL
6533344450464446,172.28.25.132,NULL
3502927294937512,10.224.155.5,NULL
4415134655679744728,192.168.181.177,NULL
213133394174207,10.10.34.243,NULL
30360252904695,172.23.80.143,NULL
3509463446237463,192.168.160.202,NULL
6533109820619031,172.27.164.58,NULL
3507138300081817,10.242.183.149,NULL
375020386533876,10.3.234.88,NULL
213171886266099,172.25.143.228,NULL
3512850436698214,172.25.121.140,NULL
4803692825931,192.168.205.3,NULL
4489926398695,10.30.27.72,NULL
3587532902595146,172.29.54.39,NULL
4497523037123620,172.31.145.101,NULL
4744104113385,172.29.187.169,NULL
6504864246413030,172.19.92.3,NULL
3567194709233357,10.133.38.25,NULL
6543467368071850,192.168.94.86,NULL
4048384308463375,172.19.125.92,NULL
4900503824110403,172.28.79.226,NULL
3506972007123428,10.144.202.64,NULL
346689461731237,192.168.45.61,NULL
3517576641666317,10.193.107.150,NULL
213193190685616,172.21.11.128,NULL
3548460339300732,172.25.108.115,NULL
4776091724331478,192.168.178.153,NULL
4868867918749750,10.78.193.111,NULL
3570619490512457,172.24.171.56,NULL
4426666168923908,10.159.27.217,NULL
213140867521889,192.168.196.89,NULL
3568455389111398,192.168.60.139,NULL
372284906612155,192.168.112.116,NULL
676302914558,10.116.200.89,NULL
4389965073832625,10.80.25.51,NULL
4646135027676,10.247.73.181,NULL
3547049146935797,10.133.6.149,NULL
4040161586376109,172.21.128.0,NULL
213173546228238,172.27.104.88,NULL
4433405787275,192.168.131.38,NULL
4812611925392007,10.152.13.75,NULL
3519666727519999,172.21.255.116,NULL
376622670738316,192.168.11.158,NULL
3560245231713634,10.152.197.1,NULL
5315239958347976,172.29.156.209,NULL
3548906354399165,192.168.230.123,NULL
502097025907,172.18.208.69,NULL
4218208970493580,10.8.249.118,NULL
4482969162182385,10.187.102.170,NULL
4967729907152253250,172.28.184.74,NULL
6011750736545116,172.28.196.217,NULL
2223533300968515,172.26.118.82,NULL
4181735768635419417,10.96.114.87,NULL
372236776684698,172.28.24.2,NULL
5343958842207189,10.82.164.26,NULL
5221958424196229,172.30.8.37,NULL
4964375378513,172.31.166.141,NULL
3535330764601257,192.168.117.19,NULL
4947465228782531,10.91.77.52,NULL
4021715623079411671,10.160.13.199,NULL
180059500141765,172.17.230.228,NULL
180081342476951,10.167.164.144,NULL
6011868659835569,10.223.1.97,NULL
4555889628792332,10.76.216.155,NULL
4255877960308,172.27.218.163,NULL
6011152891642624,172.24.55.227,NULL
30483192965590,10.151.48.48,NULL
571805763612,10.150.96.104,NULL
5138893634346649,172.18.96.142,NULL
180096221956626,10.135.187.228,NULL
4352847051568319,192.168.103.107,NULL
4156236120163880,172.20.238.186,NULL
4335132217063303,10.220.182.153,NULL
30275738387523,192.168.86.43,NULL
4843885967481760,10.112.94.31,NULL
675983756437,192.168.190.147,NULL
4839137659081714,172.23.185.247,NULL
3569547809929372,192.168.115.213,NULL
5154800120656455,192.168.99.130,NULL
4585897779262496,172.16.173.246,NULL
6537922968244321,172.29.116.254,NULL
38007278995015,10.89.84.209,NULL
675960430485,10.207.234.253,NULL
4409934630806,172.21.119.177,NULL
30509314398169,172.18.216.16,NULL
4859602944048039,192.168.56.234,NULL
378526921278477,192.168.225.191,NULL
4188701077310387815,192.168.163.236,NULL
565151350008,172.18.202.1,NULL
4566120041407564,192.168.78.49,NULL
4922224936398747366,192.168.134.141,NULL
3574897152045166,10.149.213.134,NULL
6530987664720269,10.171.63.210,NULL
6536356246739052,10.181.236.90,NULL
4905883744632016,192.168.82.30,NULL
4058412289021,192.168.104.154,NULL
4136653934740011687,192.168.109.70,NULL
4951947363560,172.20.198.204,NULL
5207323195816489,10.197.180.105,NULL
5356633734903864,10.106.225.37,NULL
6011388824181476,192.168.251.155,NULL
345803815204558,172.19.148.106,NULL
4686856271111,172.24.68.51,NULL
374436146233832,192.168.94.205,NULL
3556905554978710,172.20.37.113,NULL
3501689059137081,172.28.124.134,NULL
180055675647768,192.168.243.204,NULL
4320118901667001,192.168.23.185,NULL
180077624493722,192.168.63.28,NULL
376276015218896,10.182.247.242,NULL
676146674632,192.168.9.70,NULL
348497645398255,172.29.55.90,NULL
30382731470064,172.23.54.167,NULL
6573463130538089,172.17.219.177,NULL
342120172625538,10.11.125.169,NULL
213159458755276,192.168.207.161,NULL
180047052743583,172.31.54.46,NULL
4324463969881,10.130.82.118,NULL
4488821350181550,172.31.178.131,NULL
6011672517482758,192.168.114.77,NULL
4283313365733242,172.28.40.201,NULL
4723437465658823,10.240.192.103,NULL
30141497066056,192.168.132.67,NULL
5137994411318347,172.16.153.196,NULL
348765826460346,192.168.206.166,MN
6585310376215185,172.25.211.22,OR
4137422843177720850,172.28.26.169,CA
4848144442584909336,172.31.138.240,NM
3598660724886927,172.29.187.13,WA
4750149362613146721,172.24.196.138,MS
4336028803779675,10.29.216.141,KY
4467390371570,172.27.69.39,VT
6011869724092772,10.136.53.144,IN
6011969555717974,10.78.112.39,KS
4982554955043007442,192.168.240.253,ID
4973044879406331,172.27.83.181,NV
3523595761111369,192.168.39.196,AL
501812500541,172.16.40.158,NV
180007743365626,10.63.233.168,ND
30443556780787,10.155.131.204,IL
375712024591957,192.168.99.32,MS
3521881287540980,192.168.248.225,LA
3574961180083290,172.17.123.72,ND
6551465802130091,192.168.17.172,PA
675943613025,192.168.110.0,RI
